last_sigma_x, last_sigma_y, last_sigma_theta, last_sigma_vel
0.6979189712465628, 1.4712144650813015, 0.013624511306751906, 0.05336235121885379
