last_sigma_x, last_sigma_y, last_sigma_theta, last_sigma_vel
0.14860088066838234, 0.2864504341559254, 0.10498650838035267, 0.05097376742057855
