last_sigma_x, last_sigma_y, last_sigma_theta, last_sigma_vel
0.17035783950825897, 0.26663455064647656, 0.11049230323131476, 0.05090141198085992
