last_sigma_x, last_sigma_y, last_sigma_theta, last_sigma_vel
0.7042912078163673, 1.4949682001678808, 0.11131943936780721, 0.07357713858150043
