position,theta,vel
0.11300,1.00000,0.84100
