position,theta,vel
0.95700,1.00000,0.94700
